SMILES,Accum,Accum_Class,Accum_SE,Compound_ID,SourceTable,MolWt,LogP,TPSA,HBD,HBA,RotB,RingCount,HeavyAtomCount,FracCSP3
O=C(O[C@H]1[C@@H](O)[C@H](Oc2c(C)c3OC(=O)C(NC(=O)c4cc(C/C=C(\C)/C)c(O)cc4)=C([O-])c3cc2)OC(C)(C)[C@@H]1OC)N,119.0,Low,21.0,novobiocin,Table1,611.6240000000001,2.995120000000001,202.83999999999997,4.0,11.0,8.0,4.0,44.0,0.3870967741935484
O=C(OCCCCCCCCC(=O)[O-])/C=C(\C[C@H]1[C@H](O)[C@H](O)[C@@H](C[C@H]2[C@H]([C@H]([C@@H](O)C)C)O2)CO1)/C,89.0,Low,1.0,mupirocin,Table1,499.6210000000002,1.2578000000000005,148.88,3.0,9.0,16.0,2.0,35.0,0.8461538461538461
O=C([O-])/C(/CC/C=C(\C)/C)=C/1\[C@@H](OC(=O)C)C[C@]2(C)[C@]3(C)[C@@H]([C@H](O)C[C@@H]\12)[C@]1(C)[C@H]([C@H](C)[C@H](O)CC1)CC3,52.0,Low,5.0,fusidic acid,Table1,515.7110000000002,4.331400000000004,106.89000000000001,2.0,6.0,5.0,4.0,37.0,0.8064516129032258
ClC(Cl)C(=O)N[C@@H]([C@H](O)c1ccc([N+](=O)[O-])cc1)CO,709.0,High,45.0,chloramphenicol,Table1,323.1320000000001,0.9089999999999996,112.7,3.0,5.0,6.0,1.0,20.0,0.36363636363636365
O(C)c1c(O)c2c(C(=O)[C@@H]3NCC[C@]42[C@@H]3C=C(OC)C(=O)C4)cc1,154.0,Low,89.0,2-22,Table2,329.3520000000001,1.3160999999999996,84.86000000000001,2.0,6.0,2.0,4.0,24.0,0.4444444444444444
O=C(OC)[C@H](NC[C@]12C(=O)C[C@@]3([C@@H](C(=O)OC)c4c(C)cccc4[C@H]3CC1)C2)CO,54.0,Low,24.0,2-27,Table2,415.4860000000002,1.6018199999999998,101.93,2.0,7.0,6.0,4.0,30.0,0.6086956521739131
O=C(OC)[C@H](NC[C@]12C(=O)C[C@@]3([C@@H](C(=O)OC)c4c(C)cccc4[C@H]3CC1)C2)C,16.0,Low,4.0,2-28,Table2,399.4870000000002,2.6294200000000005,81.7,1.0,6.0,5.0,4.0,29.0,0.6086956521739131
O(C)c1c2O[C@@H]3C(=O)C(OC)=C[C@@H]4[C@H]5N(C)CC[C@@]34c2c(cc1)C5,407.0,High,6.0,2-29,Table2,327.38000000000005,1.6833999999999998,48.00000000000001,0.0,5.0,2.0,5.0,24.0,0.5263157894736842
O(C)c1c(O)c2c(cc1)C[C@@H]1N(C)CC[C@]32[C@@H]1C=C(OC)C(=O)C3,218.0,Low,10.0,2-32,Table2,329.3960000000001,2.0181,59.00000000000001,1.0,5.0,2.0,4.0,24.0,0.5263157894736842
O(C)C=1C(=O)C[C@@]23[C@@H]([C@@H](N(C)CC2)C=C2C3=C(O)C(=O)C=C2)C=1,213.0,Low,38.0,2-33,Table2,313.353,1.6871999999999998,66.84,1.0,5.0,1.0,4.0,23.0,0.4444444444444444
O(C)c1c(O)c2c(cc1)C[C@@H]1N(C)CC[C@]32[C@@H]1C=C(OC)/C(=N/O)/C3,204.0,Low,26.0,2-35,Table2,344.41100000000006,2.2792000000000003,74.52000000000001,2.0,6.0,2.0,4.0,25.0,0.5263157894736842
O(C)c1c(O)c2c(cc1)C=CC=1[C@]32C[C@@](O)(N(C)CC3)C(=O)C=1,134.0,Low,65.0,2-37,Table2,313.35300000000007,1.5886999999999998,70.0,2.0,5.0,1.0,4.0,23.0,0.3888888888888889
O(C)c1c(O)c2c(C(=O)[C@@H]3N(C)CC[C@]42[C@@H]3C=C(OC)/C(=N/O)/C4)cc1,107.0,Low,39.0,2-38,Table2,358.39400000000006,1.9194,91.59,2.0,7.0,2.0,4.0,26.0,0.47368421052631576
O(C)[C@H]1[C@@H]2N(C)CC[C@@]3([C@@H]2C=C(OC)C(=O)C3)C=2C(=O)C(OC)=CC(=O)C1=2,3.0,Low,0.0,2-40,Table2,373.40500000000014,0.8034999999999999,82.14000000000001,0.0,7.0,3.0,4.0,27.0,0.55
O=C([O-])[C@H]1c2c(C)cccc2[C@@H]2[C@@]31CC(=O)[C@](C)(C3)CC2,138.0,Low,7.0,2-42,Table2,283.34700000000004,2.0751199999999996,57.199999999999996,0.0,3.0,1.0,4.0,21.0,0.5555555555555556
O=C([O-])[C@H]1[C@@H]2[C@@](C(=O)[O-])(C)[C@@H](O)C=CC2=C2[C@]31CC(=C)[C@@](O)(C3)CC2,104.0,Low,20.0,2-43,Table2,344.36300000000017,-1.1728999999999992,120.72,2.0,6.0,2.0,4.0,25.0,0.5789473684210527
O=C([O-])CC[C@@]1(C)C(=O)CC[C@@H]2[C@@H]1C(=O)C[C@]1(C)C(=O)CC[C@@H]21,103.0,Low,27.0,2-44,Table2,319.37700000000007,1.0762999999999996,91.34,0.0,5.0,3.0,3.0,23.0,0.7777777777777778
O=C([O-])CO[C@H]1[C@H]2OC[C@H](N=[N+]=[N-])[C@H]2OC1,89.0,Low,1.0,2-45,Table2,228.18399999999997,-1.4019999999999986,116.58000000000001,0.0,6.0,4.0,2.0,16.0,0.875
O=C([O-])[C@H]1c2c(C)cccc2[C@@H]2[C@@]31CC(=O)[C@](CO)(C3)CC2,84.0,Low,13.0,2-46,Table2,299.34600000000006,1.0475199999999993,77.42999999999999,1.0,4.0,2.0,4.0,22.0,0.5555555555555556
O=C(O[C@@H]1[C@@]2(C)C(=O)O[C@]3([C@@H]2[C@H](C(=O)[O-])[C@@]24[C@H]3CC[C@@](O)(C(=C)C2)C4)C=C1)C,81.0,Low,3.0,2-47,Table2,387.40800000000024,0.26319999999999966,112.96000000000002,1.0,7.0,2.0,5.0,28.0,0.6666666666666666
O=C(NCc1occc1)[C@H]1[C@@H]2[C@@](C(=O)[O-])(C)[C@@H](O)[C@H](O)C=C2[C@H]2[C@]31CC(=C)[C@@](O)(C3)CC2,72.0,Low,3.0,2-48,Table2,442.4880000000003,0.03729999999999967,143.06,4.0,7.0,4.0,5.0,32.0,0.5833333333333334
O=C([O-])[C@H]1[C@@H]2[C@@]3(C)[C@@H](O)[C@H](OC3=O)C=C2[C@H]2[C@]31CC(=C)[C@@](O)(C3)CC2,70.0,Low,4.0,2-49,Table2,345.37100000000015,-0.3076000000000001,106.89,2.0,6.0,1.0,5.0,25.0,0.6842105263157895
O=C(NC1CC1)[C@H]1[C@@H]2[C@@](C(=O)[O-])(C)[C@@H](O)[C@H](O)C=C2[C@H]2[C@]31CC(=C)[C@@](O)(C3)CC2,63.0,Low,2.0,2-50,Table2,402.4670000000003,-0.5934999999999988,129.92000000000002,4.0,6.0,3.0,5.0,29.0,0.7272727272727273
O=C(NCc1sccc1)[C@H]1[C@@H]2[C@@](C(=O)[O-])(C)[C@@H](O)[C@H](O)C=C2[C@H]2[C@]31CC(=C)[C@@](O)(C3)CC2,61.0,Low,13.0,2-51,Table2,458.5560000000003,0.5057999999999994,129.92000000000002,4.0,7.0,4.0,5.0,32.0,0.5833333333333334
O=C([O-])[C@H]1c2c(C)cccc2[C@@H]2[C@]31CC(=C)[C@@](O)(C3)CC2,56.0,Low,8.0,2-52,Table2,283.34700000000004,1.7870199999999996,60.36,1.0,3.0,1.0,4.0,21.0,0.5
O=C(NCCc1cc2OCOc2cc1)[C@H]1[C@@H]2[C@@](C(=O)[O-])(C)[C@@H](O)[C@H](O)C=C2[C@H]2[C@]31CC(=C)[C@@](O)(C3)CC2,56.0,Low,2.0,2-53,Table2,510.5630000000004,0.2154999999999998,148.38,4.0,8.0,5.0,6.0,37.0,0.5714285714285714
O=C([O-])[C@H]1[C@@H]2[C@@](C(=O)[O-])(C)[C@@H](O)[C@H](O)C=C2[C@H]2[C@]31CC(=C)[C@@](O)(C3)CC2,55.0,Low,3.0,2-54,Table2,362.37800000000027,-2.1221999999999976,140.95,3.0,7.0,2.0,4.0,26.0,0.6842105263157895
O=C([O-])[C@@H](NC(=O)CC[C@@]1(C)C(=O)CC[C@@H]2[C@@H]1C(=O)C[C@]1(C)C(=O)CC[C@@H]21)CC(=O)[O-],45.0,Low,1.0,2-56,Table2,433.4570000000003,-1.2988999999999984,160.56999999999996,1.0,8.0,7.0,3.0,31.0,0.7272727272727273
O=C([O-])[C@@]1(C)[C@H]2[C@@](C)([C@@H]3C(C=C(C(C)C)CC3)=CC2)CCC1,34.0,Low,5.0,2-57,Table2,301.4500000000001,3.871500000000003,40.129999999999995,0.0,2.0,2.0,3.0,22.0,0.75
O=C(NCc1c(OC)cc(OC)cc1)[C@H]1[C@@H]2[C@@](C(=O)[O-])(C)[C@@H](O)[C@H](O)C=C2[C@H]2[C@]31CC(=C)[C@@](O)(C3)CC2,17.0,Low,0.0,2-58,Table2,512.5790000000004,0.46150000000000074,148.38,4.0,8.0,6.0,5.0,37.0,0.5714285714285714
O=C(NCCCCO)[C@H]1[C@@H]2[C@@](C(=O)[O-])(C)[C@@H](O)[C@H](O)C=C2[C@H]2[C@]31CC(=C)[C@@](O)(C3)CC2,17.0,Low,1.0,2-59,Table2,434.50900000000036,-0.983399999999998,150.15,5.0,7.0,6.0,4.0,31.0,0.7391304347826086
O=C([O-])CCNC(=O)CC[C@@]1(C)C(=O)CC[C@@H]2[C@@H]1C(=O)C[C@]1(C)C(=O)CC[C@@H]21,17.0,Low,1.0,2-60,Table2,390.4560000000002,0.5825999999999991,120.43999999999997,1.0,6.0,6.0,3.0,28.0,0.7619047619047619
O=C([O-])[C@H]1[C@@H]2[C@@]3(C)[C@@H](O)C=C[C@@]2(OC3=O)[C@H]2[C@]31CC(=C)[C@@](O)(C3)CC2,15.0,Low,10.0,2-61,Table2,345.37100000000015,-0.3076000000000001,106.89,2.0,6.0,1.0,5.0,25.0,0.6842105263157895
O(CC=C)[C@H]1[C@H]2OC[C@@H](OCC=C)[C@H]2OC1,139.0,Low,10.0,2-62,Table2,226.27199999999993,0.9263999999999999,36.92,0.0,4.0,6.0,2.0,16.0,0.6666666666666666
O=C(OC)[C@@H](NC(=O)CC[C@@]1(C)C(=O)CC[C@@H]2[C@@H]1C(=O)C[C@]1(C)C(=O)CC[C@@H]21)Cc1[nH]cnc1,118.0,Low,16.0,2-63,Table2,471.55400000000026,1.949999999999999,135.28999999999996,2.0,7.0,7.0,4.0,34.0,0.68
O=C(NCC#N)[C@H]1[C@@H]2[C@@]3(C)[C@@H](O)[C@H](OC3=O)C=C2[C@H]2[C@]31CC(=C)[C@@](O)(C3)CC2,97.0,Low,12.0,2-64,Table2,384.4320000000003,0.5822799999999988,119.65000000000002,3.0,6.0,2.0,5.0,28.0,0.6666666666666666
O=C(OC)[C@@H](NC(=O)[C@H]1[C@@H]2[C@@]3(C)[C@@H](O)[C@H](OC3=O)C=C2[C@H]2[C@]31CC(=C)[C@@](O)(C3)CC2)CO,96.0,Low,8.0,2-65,Table2,447.4840000000003,-0.4073999999999995,142.39000000000001,4.0,8.0,4.0,5.0,32.0,0.6956521739130435
Clc1c(F)ccc(CNC(=O)[C@H]2[C@@H]3[C@@]4(C)[C@@H](O)[C@H](OC4=O)C=C3[C@H]3[C@]42CC(=C)[C@@](O)(C4)CC3)c1,93.0,Low,26.0,2-66,Table2,487.9550000000004,3.051400000000001,95.86,3.0,5.0,3.0,6.0,34.0,0.5384615384615384
O=C1[C@]2(C)[C@H]([C@H]3[C@H](C(=O)C2)[C@]2(C)C(=CC(=O)CC2)CC3)CC1,92.0,Low,37.0,2-67,Table2,300.3980000000001,3.2664000000000017,51.21,0.0,3.0,0.0,4.0,22.0,0.7368421052631579
O=C(N1CCOCC1)[C@H]1[C@@H]2[C@@]3(C)[C@@H](O)[C@H](OC3=O)C=C2[C@H]2[C@]31CC(=C)[C@@](O)(C3)CC2,91.0,Low,18.0,2-68,Table2,415.48600000000033,0.8012999999999992,96.3,2.0,6.0,1.0,6.0,30.0,0.7391304347826086
O=C1[C@]2(CI)C[C@@]3(C1)[C@@H](C(OC)=O)C([C@@]4(C=C5)[C@]3([H])CC2)[C@](C)(C(O4)=O)[C@H]5O,89.0,Low,9.0,2-69,Table2,486.3020000000003,1.8187000000000002,89.90000000000002,1.0,6.0,2.0,5.0,27.0,0.75
O=C(OC)CNC(=O)CC[C@@]1(C)C(=O)CC[C@@H]2[C@@H]1C(=O)C[C@]1(C)C(=O)CC[C@@H]21,85.0,Low,20.0,2-70,Table2,391.4640000000002,1.6155999999999993,106.60999999999999,1.0,6.0,5.0,3.0,28.0,0.7619047619047619
O=C(NCCO)[C@H]1[C@@H]2[C@@]3(C)[C@@H](O)[C@H](OC3=O)C=C2[C@H]2[C@]31CC(=C)[C@@](O)(C3)CC2,83.0,Low,5.0,2-71,Table2,389.44800000000026,0.05099999999999949,116.09000000000002,4.0,6.0,3.0,5.0,28.0,0.7142857142857143
O=C(NCCO)[C@H]1[C@@H]2[C@@]3(C)[C@@H](O)C=C[C@@]2(OC3=O)[C@H]2[C@]31CC(=C)[C@@](O)(C3)CC2,80.0,Low,3.0,2-72,Table2,389.44800000000026,0.05099999999999949,116.09000000000002,4.0,6.0,3.0,5.0,28.0,0.7142857142857143
O=C1NCC[C@]2(C)[C@H]3C(=O)C=C(C)[C@@H](CCC#N)[C@@H]3CCC2=C1,80.0,Low,3.0,2-73,Table2,312.41300000000007,2.9141800000000018,69.96000000000001,1.0,3.0,2.0,3.0,23.0,0.631578947368421
Clc1cc(CNC(=O)[C@H]2[C@@H]3[C@@]4(C)[C@@H](O)[C@H](OC4=O)C=C3[C@H]3[C@]42CC(=C)[C@@](O)(C4)CC3)ccc1,75.0,Low,0.0,2-74,Table2,469.9650000000004,2.912300000000001,95.86,3.0,5.0,3.0,6.0,33.0,0.5384615384615384
O=C(N1CCC(O)CC1)[C@H]1[C@@H]2[C@@]3(C)[C@@H](O)[C@H](OC3=O)C=C2[C@H]2[C@]31CC(=C)[C@@](O)(C3)CC2,69.0,Low,3.0,2-75,Table2,429.5130000000003,0.925799999999999,107.30000000000003,3.0,6.0,1.0,6.0,31.0,0.75
O[C@@]12C(=C)C[C@]3([C@@H](CC#N)c4c(C)cccc4[C@H]3CC1)C2,65.0,Low,13.0,2-76,Table2,279.38300000000004,3.9508000000000028,44.019999999999996,1.0,2.0,1.0,4.0,21.0,0.5263157894736842
O=C1NCC[C@]2(C)[C@H]3[C@H](O)C=C(C)[C@@H](CCC#N)[C@@H]3CCC2=C1,61.0,Low,3.0,2-77,Table2,314.4290000000001,2.7059800000000003,73.12,2.0,3.0,2.0,3.0,23.0,0.6842105263157895
O=C1[C@@H]2[C@]3(C)C(=CNC(=O)CC3)CC[C@H]2[C@H](CCC#N)C(C)=C1,59.0,Low,11.0,2-78,Table2,312.413,3.2617800000000017,69.96000000000001,1.0,3.0,2.0,3.0,23.0,0.631578947368421
O=C(NCCc1cc2OCOc2cc1)[C@H]1[C@@H]2[C@@]3(C)[C@@H](O)[C@H](OC3=O)C=C2[C@H]2[C@]31CC(=C)[C@@](O)(C3)CC2,55.0,Low,7.0,2-79,Table2,493.5560000000004,2.0300999999999987,114.32000000000001,3.0,7.0,4.0,7.0,36.0,0.5714285714285714
O=C(OC)[C@H]1[C@@H]2[C@@](C(=O)OC)(C)[C@@H](O)C=CC2=C2[C@]31CC(=C)[C@@](O)(C3)CC2,53.0,Low,10.0,2-80,Table2,374.4330000000003,1.6733,93.06000000000002,2.0,6.0,2.0,4.0,27.0,0.6190476190476191
O=C(NC1CC1)[C@H]1[C@@H]2[C@@]3(C)[C@@H](O)[C@H](OC3=O)[C@H]3O[C@@]23[C@H]2[C@@]31CC(=O)[C@](CO)(C3)CC2,53.0,Low,5.0,2-81,Table2,417.4580000000003,-0.3071999999999997,125.46,3.0,7.0,3.0,7.0,30.0,0.8636363636363636
O=C(NC1CC1)[C@H]1[C@@H]2[C@@]3(C)[C@@H](O)[C@H](OC3=O)[C@H]3O[C@@]23[C@H]2[C@@]31CC(=O)[C@](C=O)(C3)CC2,52.0,Low,3.0,2-82,Table2,415.4420000000003,-0.10060000000000002,122.29999999999998,2.0,7.0,3.0,7.0,30.0,0.8181818181818182
O=C(NCC1CCCCC1)[C@H]1[C@@H]2[C@@]3(C)[C@@H](O)[C@H](OC3=O)[C@H]3O[C@@]23[C@H]2[C@@]31CC(=O)[C@](CO)(C3)CC2,50.0,Low,26.0,2-83,Table2,473.56600000000043,1.1106999999999991,125.46,3.0,7.0,4.0,7.0,34.0,0.8846153846153846
O=C(OCC)CCNC(=O)[C@H]1[C@@H]2[C@@]3(C)[C@@H](O)[C@H](OC3=O)C=C2[C@H]2[C@]31CC(=C)[C@@](O)(C3)CC2,48.0,Low,3.0,2-84,Table2,445.5120000000004,1.0118999999999994,122.16000000000001,3.0,7.0,5.0,5.0,32.0,0.7083333333333334
O=C(OCC=C)N[C@H]1[C@@H]2[C@@]3(C)[C@@H](O)C=C[C@@]2(OC3=O)[C@H]2[C@]31CC(=C)[C@@](O)(C3)CC2,46.0,Low,2.0,2-85,Table2,401.4590000000003,1.607099999999999,105.09000000000002,3.0,6.0,3.0,5.0,29.0,0.6363636363636364
O=C(OCC)CCNC(=O)CC[C@@]1(C)C(=O)CC[C@@H]2[C@@H]1C(=O)C[C@]1(C)C(=O)CC[C@@H]21,46.0,Low,6.0,2-86,Table2,419.5180000000002,2.3958000000000004,106.60999999999999,1.0,6.0,7.0,3.0,30.0,0.782608695652174
O=C1[C@@H]2[C@]3(C)[C@]4(O[C@H]4C[C@H]2[C@H]2[C@@](C)(C4(OCCO4)CC2)C1)CC1(OCCO1)CC3,44.0,Low,10.0,2-87,Table2,404.5030000000004,2.8256000000000006,66.52000000000001,0.0,6.0,0.0,7.0,29.0,0.9565217391304348
O=C1[C@@H]2[C@]3(C)C(=CC[C@H]2[C@H]2[C@@](C)(C4(OCCO4)CC2)C1)CC1(OCCO1)CC3,40.0,Low,4.0,2-88,Table2,388.5040000000003,3.6144000000000025,53.99000000000001,0.0,5.0,0.0,6.0,28.0,0.8695652173913043
O[C@@H]1[C@@H]2[C@]3(C)C(=CC[C@H]2[C@H]2[C@@](C)(C4(OCCO4)CC2)C1)CC1(OCCO1)CC3,40.0,Low,6.0,2-89,Table2,390.52000000000027,3.406200000000002,57.150000000000006,1.0,5.0,0.0,6.0,28.0,0.9130434782608695
O=C(NC1CC1)[C@H]1[C@@H]2[C@@]3(C)[C@@H](O)[C@H](OC3=O)C=C2[C@H]2[C@]31CC(=C)[C@@](O)(C3)CC2,33.0,Low,2.0,2-90,Table2,385.46000000000026,1.221099999999999,95.86,3.0,5.0,2.0,6.0,28.0,0.7272727272727273
S(=O)(=O)(O[C@H]1[C@H]2OC[C@@H](OS(=O)(=O)C)[C@H]2OC1)C,31.0,Low,3.0,2-91,Table2,302.326,-1.526399999999998,105.2,0.0,8.0,4.0,2.0,18.0,1.0
O=C(OC)[C@H]1[C@@H]2[C@@](C(=O)OC)(C)[C@@H]3O[C@@]2([C@H]2[C@]41CC(=C)[C@@](O)(C4)CC2)C=CO3,29.0,Low,13.0,2-92,Table2,390.4320000000002,1.7011999999999994,91.29000000000002,1.0,7.0,2.0,5.0,28.0,0.7142857142857143
O=C(OCC=C)N[C@H]1[C@@H]2[C@]3(C)C(=O)O[C@@]2([C@H]2[C@]41CC(=C)[C@@](O)(C4)CC2)C=CC3=O,0.0,Low,0.0,2-93,Table2,399.4430000000002,1.8152999999999995,101.93,2.0,6.0,3.0,5.0,29.0,0.5909090909090909
S(=O)(=O)(O[C@H]1[C@H]2OC[C@@H](O)[C@H]2OC1)c1c([N+](=O)[O-])cccc1,0.0,Low,0.0,2-94,Table2,331.302,-0.1728000000000005,125.20000000000002,1.0,8.0,4.0,3.0,22.0,0.5
S(=O)(=O)(O[C@H]1[C@H]2OC[C@@H](O)[C@H]2OC1)c1ccc(N)cc1,193.0,Low,15.0,2-95,Table2,301.32,-0.49880000000000035,108.08000000000001,2.0,7.0,3.0,3.0,20.0,0.5
S(=O)(=O)(O[C@H]1[C@H]2OC[C@@H](O)[C@H]2OC1)c1c(N)cccc1,193.0,Low,11.0,2-96,Table2,301.31999999999994,-0.49879999999999947,108.08000000000001,2.0,7.0,3.0,3.0,20.0,0.5
S(=O)(=O)(O[C@H]1[C@H]2OC[C@@H](OS(=O)(=O)c3ccc(N)cc3)[C@H]2OC1)c1ccc(N)cc1,113.0,Low,2.0,2-97,Table2,456.49800000000016,0.4966000000000014,157.24,2.0,10.0,6.0,4.0,30.0,0.3333333333333333
S(=O)(=O)(O[C@H]1[C@H]2OC[C@@H](OS(=O)(=O)c3c(N)cccc3)[C@H]2OC1)c1c(N)cccc1,91.0,Low,8.0,2-98,Table2,456.49800000000016,0.4966000000000014,157.24,2.0,10.0,6.0,4.0,30.0,0.3333333333333333
O(C)c1c(O)c2c(cc1)C=C[C@]1(CC[N+]([O-])(C)C)C2=CC(=O)C(OC)=C1,18.0,Low,7.0,99,Table2,357.40600000000006,2.8747000000000007,78.82000000000001,1.0,5.0,5.0,3.0,26.0,0.35
S(=O)(=O)(O[C@H]1[C@H]2OC[C@H](NC(=O)C)[C@H]2OC1)c1ccc(-c2ccccc2)cc1,71.0,Low,11.0,3-2,Table3,403.4560000000001,1.7298,90.93000000000002,1.0,6.0,5.0,4.0,28.0,0.35
Brc1ccc(S(=O)(=O)O[C@H]2[C@H]3OC[C@H](N(C)C)[C@H]3OC2)cc1,7.0,Low,1.0,3-5,Table3,392.27100000000013,1.2508,65.07000000000001,0.0,6.0,4.0,3.0,22.0,0.5714285714285714
Brc1ccc(S(=O)(=O)O[C@H]2[C@H]3OC[C@H]([N+](C)(C)C)[C@H]3OC2)cc1,30.0,Low,1.0,3-6,Table3,407.30600000000015,1.3953999999999998,61.83000000000001,0.0,5.0,4.0,3.0,23.0,0.6
Brc1ccc(S(=O)(=O)O[C@H]2[C@H]3OC[C@H](NC(=O)C)[C@H]3OC2)cc1,8.0,Low,1.0,3-7,Table3,406.25400000000013,0.8252999999999995,90.93000000000002,1.0,6.0,4.0,3.0,23.0,0.5
CC1=C([C@H](C[N+](C)(C)C)[C@]2(CC3=C)[C@]4([H])CC[C@]3(O)C2)C4=CC=C1,30.0,Low,1.0,3-11,Table3,312.47700000000003,3.7433200000000024,20.23,1.0,1.0,2.0,4.0,23.0,0.6190476190476191
CC1=C([C@H](CNC(C)=O)[C@]2(CC3=C)[C@]4([H])CC[C@]3(O)C2)C4=CC=C1,91.0,Low,4.0,3-12,Table3,311.425,3.1732200000000015,49.33,2.0,2.0,2.0,4.0,23.0,0.55
OC[C@H]1c2c(C)cccc2[C@@H]2[C@@]31C[C@@H](O)[C@](C)(C3)CC2,113.0,Low,20.0,3-15,Table3,272.38800000000003,3.109320000000002,40.46,2.0,2.0,1.0,4.0,20.0,0.6666666666666666
O=C(OC)[C@H]1c2c(C)cccc2[C@@H]2[C@]31CC(=C)[C@@](O)(C3)CC2,49.0,Low,1.0,3-19,Table3,298.38200000000006,3.2101200000000016,46.53,1.0,3.0,1.0,4.0,22.0,0.5263157894736842
O=C1[C@@]2([C@@H](C=C[C@@]3([C@@H]2[C@@H]([C@@]45[C@H]3CC[C@@](C(C4)=C)(C5)O)C[NH3+])O1)[NH3+])C,504.0,High,39.0,3-20,Table3,332.444,-0.565999999999997,101.81,3.0,3.0,1.0,5.0,24.0,0.7368421052631579
O=C1[C@]2(C)[C@H](N=[N+]=[N-])C=C[C@]3(O1)[C@@H]2[C@H](CN=[N+]=[N-])[C@@]12[C@H]3CC[C@@](O)(C(=C)C1)C2,16.0,Low,1.0,3-21,Table3,382.4240000000003,3.570800000000003,144.05,1.0,5.0,3.0,5.0,28.0,0.7368421052631579
O(C)c1cc2c([C@@H]3SC(=O)N4[C@H]3C[C@@H]([C@@H](C=C)C[N+](C)(C)C)CC4)ccnc2cc1,44.0,Low,7.0,3-25,Table3,426.6060000000002,4.740300000000005,42.43,0.0,4.0,6.0,4.0,30.0,0.5
O=C(NC[C@H](C=C)[C@@H]1C[C@H]2[C@H](c3c4c(ncc3)ccc(OC)c4)SC(=O)N2CC1)C,91.0,Low,9.0,3-26,Table3,425.55400000000026,4.170200000000004,71.52999999999999,1.0,5.0,6.0,4.0,30.0,0.43478260869565216
O=C1[C@]2(C)[C@@H](O)C=C[C@]3(O1)[C@@H]2[C@H](CO)[C@@]12[C@H]3CC[C@@](O)(C(=C)C1)C2,21.0,Low,1.0,3-29,Table3,332.39600000000013,0.9348000000000002,86.99000000000001,3.0,5.0,1.0,5.0,24.0,0.7368421052631579
O=C1[C@]2(C)[C@@H](O)C=C[C@]3(O1)[C@@H]2[C@H](CN=[N+]=[N-])[C@@]12[C@H]3CC[C@@](O)(C(=C)C1)C2,61.0,Low,20.0,3-30,Table3,357.41000000000025,2.2528000000000006,115.52000000000001,2.0,5.0,2.0,5.0,26.0,0.7368421052631579
O=C(OC)[C@H]1[C@@H]2[C@@]3(C)[C@@H](O)C=C[C@@]2(OC3=O)[C@H]2[C@]31CC(=C)[C@@](O)(C3)CC2,38.0,Low,5.0,3-31,Table3,360.40600000000023,1.115499999999999,93.06000000000002,2.0,6.0,1.0,5.0,26.0,0.7
S(=O)(=O)(O[C@H]1[C@H]2OC[C@H](N=[N+]=[N-])[C@H]2OC1)c1ccc(C)cc1,25.0,Low,0.0,3-35,Table3,325.346,1.5454199999999998,110.59,0.0,6.0,4.0,3.0,22.0,0.5384615384615384
S(=O)(=O)(O[C@H]1[C@H]2OC[C@H](NC(=O)C)[C@H]2OC1)c1ccc(C)cc1,111.0,Low,35.0,3-36,Table3,341.38500000000005,0.37122000000000055,90.93000000000002,1.0,6.0,4.0,3.0,23.0,0.5333333333333333
S(=O)(=O)(O[C@H]1[C@H]2OC[C@@H](O)[C@H]2OC1)c1ccc(C)cc1,152.0,Low,29.0,3-37,Table3,300.332,0.2274199999999993,82.06000000000002,1.0,6.0,3.0,3.0,20.0,0.5384615384615384
S(=O)(=O)(O[C@H]1[C@H]2OC[C@H](N(C)C)[C@H]2OC1)c1ccccc1,116.0,Low,7.0,3-40,Table3,313.37499999999994,0.4883000000000002,65.07000000000001,0.0,6.0,4.0,3.0,21.0,0.5714285714285714
S(=O)(=O)(O[C@H]1[C@H]2OC[C@H](NC(=O)C)[C@H]2OC1)c1ccccc1,93.0,Low,8.0,3-41,Table3,327.358,0.06280000000000063,90.93000000000002,1.0,6.0,4.0,3.0,22.0,0.5
O(Cc1ccccc1)[C@H]1[C@H]2OC[C@H](N=[N+]=[N-])[C@H]2OC1,20.0,Low,0.0,3-43,Table3,261.281,2.0483,76.45,0.0,4.0,4.0,3.0,19.0,0.5384615384615384
O=C(N[C@@H]1[C@H]2OC[C@@H](OCc3ccccc3)[C@H]2OC1)C,103.0,Low,3.0,3-44,Table3,277.32000000000005,0.874099999999999,56.790000000000006,1.0,4.0,4.0,3.0,20.0,0.5333333333333333
O=C(OC)[C@H]1c2c(C)cccc2[C@@H]2[C@@]31CC(=O)[C@](CO)(C3)CC2,86.0,Low,16.0,3-48,Table3,314.3810000000001,2.4706200000000003,63.60000000000001,1.0,4.0,2.0,4.0,23.0,0.5789473684210527
O=C(N[C@H]1c2c(C)cccc2[C@@H]2[C@@]31CC(=O)[C@](CO)(C3)CC2)C,69.0,Low,5.0,3-49,Table3,313.3970000000001,2.3912200000000006,66.4,2.0,3.0,2.0,4.0,23.0,0.5789473684210527
O=C(OC)[C@H]1c2c(C)cccc2[C@@H]2[C@@]31CC(=O)[C@](C)(C3)CC2,28.0,Low,12.0,3-52,Table3,298.38200000000006,3.4982200000000025,43.370000000000005,0.0,3.0,1.0,4.0,22.0,0.5789473684210527
O=C(N[C@H]1c2c(C)cccc2[C@@H]2[C@@]31CC(=O)[C@](C)(C3)CC2)C,49.0,Low,12.0,3-53,Table3,297.398,3.418820000000002,46.17,1.0,2.0,1.0,4.0,22.0,0.5789473684210527
S(=O)(=O)(OC1C2OCC([N+])C2OC1)c1ccc(-c2ccccc2)cc1,1965.0,High,108.0,,Table4,359.403,1.6623999999999999,84.13000000000001,0.0,5.0,4.0,4.0,25.0,0.3333333333333333
O(C)c1c(O)c2c(cc1)CC1[N+](C)CCC32C1CC(O)C([N+])C3,1913.0,High,156.0,,Table4,316.40099999999995,0.9450999999999996,77.89,2.0,4.0,1.0,4.0,23.0,0.6666666666666666
OC12C(=C)CC3(C(CC[N+])c4c(C)cccc4C3CC1)C2,1887.0,High,179.0,,Table4,281.39900000000006,3.4959200000000026,42.53,1.0,1.0,2.0,4.0,21.0,0.5789473684210527
O=C1C2(C)CC3(C(C[N+])c4c(C)cccc4C3CC2)C1,1696.0,High,203.0,,Table4,267.372,3.3939200000000023,39.370000000000005,0.0,1.0,1.0,4.0,20.0,0.6111111111111112
OC12C(C)CC3(C(C[N+])c4c(C)cccc4C3CC1)C2,1650.0,High,69.0,,Table4,269.38800000000003,3.1857200000000017,42.53,1.0,1.0,1.0,4.0,20.0,0.6666666666666666
Brc1ccc(S(=O)(=O)OC2C3OCC([N+])C3OC2)cc1,1647.0,High,108.0,,Table4,362.2010000000001,0.7579,84.13000000000001,0.0,5.0,3.0,3.0,20.0,0.5
O=C1C2(CO)CC3(C(C[N+])c4c(C)cccc4C3CC2)C1,1487.0,High,59.0,,Table4,283.37100000000004,2.366320000000001,59.599999999999994,1.0,2.0,2.0,4.0,21.0,0.6111111111111112
O=C(NCC[N+])C1(C)C2C(C)(c3c(C([N+])C2)cc(C(C)C)cc3)CCC1,1344.0,High,43.0,,Table4,353.51000000000016,3.5725000000000025,73.7,1.0,1.0,4.0,3.0,26.0,0.6818181818181818
OC12C(=C)CC3(C(C[N+])c4c(C)cccc4C3CC1)C2,1335.0,High,8.0,,Table4,267.372,3.1058200000000014,42.53,1.0,1.0,1.0,4.0,20.0,0.5555555555555556
[N+]CC1c2c(C)cccc2C2C31CC(C)(C([N+])C3)CC2,946.0,High,138.0,,Table4,266.388,3.262120000000002,44.6,0.0,0.0,1.0,4.0,20.0,0.6666666666666666
O=C(OC12C(=C)CC3(C(C[N+])c4c(C)cccc4C3CC1)C2)C,922.0,High,46.0,,Table4,309.4090000000001,3.6766200000000024,48.6,0.0,2.0,2.0,4.0,23.0,0.55
S(=O)(=O)(OC1C2OCC([N+])C2OC1)c1ccc(C)cc1,877.0,High,29.0,,Table4,297.332,0.30381999999999976,84.13000000000001,0.0,5.0,3.0,3.0,20.0,0.5384615384615384
O=C1Oc2c(C)c3oc(C)c(C[N+])c3cc2C(C)=C1,817.0,High,203.0,,Table4,255.27299999999997,3.0331600000000014,65.65,0.0,3.0,1.0,3.0,19.0,0.26666666666666666
[N+]C1C(C)C2C(C)(C)C(C1)C2,761.0,High,65.0,,Table4,151.25299999999996,2.1258,22.3,0.0,0.0,0.0,3.0,11.0,1.0
OC12C(=C)CC3(C([N+])c4c(C)cccc4C3CC1)C2,756.0,High,94.0,,Table4,253.34499999999997,3.063320000000002,42.53,1.0,1.0,0.0,4.0,19.0,0.5294117647058824
Brc1ccc(C([N+])C(C)N2CCOCC2)cc1,739.0,High,98.0,,Table4,297.196,2.2796000000000003,34.769999999999996,0.0,2.0,3.0,2.0,17.0,0.5384615384615384
[N+]Cc1ccc(C(C)(C)C)cc1,726.0,High,19.0,,Table4,161.248,2.5528000000000004,22.3,0.0,0.0,1.0,1.0,12.0,0.45454545454545453
O=C(OC1C2(C)C(C)CCC3(C(C)C(O)C(C[N+])(C)C1)C2C(=O)CC3)CO,628.0,High,86.0,,Table4,379.49700000000024,1.7678999999999996,106.13000000000001,2.0,5.0,3.0,3.0,27.0,0.9047619047619048
[N+]C1c2c(-c3c1cccc3)cccc2,617.0,High,10.0,,Table4,179.22199999999998,2.825100000000001,22.3,0.0,0.0,0.0,3.0,14.0,0.07692307692307693
[N+]Cc1ccc(-c2ccccc2)cc1,617.0,High,1.0,,Table4,181.238,2.922300000000001,22.3,0.0,0.0,2.0,2.0,14.0,0.07692307692307693
S(=O)(=O)(OC1C2OCC([N+])C2OC1)c1ccccc1,616.0,High,30.0,,Table4,283.30499999999995,-0.0046000000000003816,84.13000000000001,0.0,5.0,3.0,3.0,19.0,0.5
[N+]C(C(C)N1CCOCC1)c1ccccc1,613.0,High,66.0,,Table4,218.3,1.5170999999999997,34.769999999999996,0.0,2.0,3.0,2.0,16.0,0.5384615384615384
O(Cc1ccccc1)C1C2OCC([N+])C2OC1,552.0,High,12.0,,Table4,233.26699999999994,0.8066999999999998,49.99000000000001,0.0,3.0,3.0,3.0,17.0,0.5384615384615384
O=C1C2(CO)CC3(C([N+])c4c(C)cccc4C3CC2)C1,542.0,High,26.0,,Table4,269.344,2.3238200000000004,59.599999999999994,1.0,2.0,1.0,4.0,20.0,0.5882352941176471
O=C1C2(C)CC3(C([N+])c4c(C)cccc4C3CC2)C1,515.0,High,50.0,,Table4,253.34499999999997,3.351420000000002,39.370000000000005,0.0,1.0,0.0,4.0,19.0,0.5882352941176471
O=C1C2(C)C([N+])C=CC3(O1)C2C(C[N+])C12C3CCC(O)(C(=C)C1)C2,504.0,High,39.0,,Table4,326.3960000000001,1.0875999999999995,91.13000000000001,1.0,3.0,1.0,5.0,24.0,0.7368421052631579
O=C(OC)C1(C)C2C(C)(c3c(C([N+])C2)cc(C(C)C)cc3)CCC1,477.0,High,75.0,,Table4,327.46800000000013,4.560600000000004,48.6,0.0,2.0,2.0,3.0,24.0,0.6666666666666666
O(C)c1cc2c(C3SC(=O)N4C3CC(C(C=C)C[N+])CC4)ccnc2cc1,458.0,High,58.0,,Table4,381.50100000000015,4.102800000000004,64.73,0.0,4.0,5.0,4.0,27.0,0.42857142857142855
[N+]C(c1ccccc1)c1ccccc1,415.0,High,20.0,,Table4,181.238,2.8447000000000005,22.3,0.0,0.0,2.0,2.0,14.0,0.07692307692307693
O(C)c1ccc(C([N+])C(C)N2CCOCC2)cc1,399.0,High,30.0,,Table4,248.32599999999994,1.5257,44.0,0.0,3.0,4.0,2.0,18.0,0.5714285714285714
O=C(NC1C(N)C=C(C(=O)NCC[N+])CC1OC(CC)CC)C,894.6,High,1.6,,Table4,324.4250000000001,-0.09279999999999866,115.75,3.0,4.0,8.0,1.0,23.0,0.75
[N+]C(C(C)N1CCOCC1)C1CCCCC1,344.0,High,19.0,,Table4,224.34799999999993,1.7246999999999995,34.769999999999996,0.0,2.0,3.0,2.0,16.0,1.0
S(=O)(=O)(NCC[N+])c1c2c(cncc2)ccc1,316.0,High,12.0,,Table4,249.29500000000004,0.5817999999999997,81.36,1.0,3.0,4.0,2.0,17.0,0.18181818181818182
O=C1C2(C)C(O)C=CC3(O1)C2C(C[N+])C12C3CCC(O)(C(=C)C1)C2,309.0,High,38.0,,Table4,329.39600000000013,1.0111999999999994,89.06,2.0,4.0,1.0,5.0,24.0,0.7368421052631579
O=C1C(OC)CC2C3(c4c5OCOc5ccc4C(N)C2[N+](C)CC3)C1,335.0,Low,28.0,,Table4,344.4110000000002,1.2027999999999996,76.68,1.0,6.0,1.0,5.0,25.0,0.631578947368421
S(=O)(=O)(OC1C2OCC([N+])C2OC1)c1ccc(N)cc1,331.0,Low,68.0,,Table4,298.32,-0.4223999999999992,110.15,1.0,6.0,3.0,3.0,20.0,0.5
OC(CC(O)CCC1C(C)C=CC=2C1C(O)CC(C)C=2)CC[N+],323.0,Low,6.0,,Table4,321.4610000000001,2.1026999999999996,82.99,3.0,3.0,7.0,2.0,23.0,0.7894736842105263
FC(F)(F)c1n2c(nn1)CN(C(=O)CC([N+])Cc1c(F)cc(F)c(F)c1)CC2,275.0,Low,9.0,,Table4,405.30200000000013,2.1265,73.32000000000001,0.0,4.0,4.0,3.0,28.0,0.4375
O(C)c1c(OC)ccc(CC[N+])c1,255.0,Low,19.0,,Table4,179.21899999999997,1.315,40.760000000000005,0.0,2.0,4.0,1.0,13.0,0.4
O=C(OC1C2OCC([N+])C2OC1)C,372.0,High,3.0,,Table4,185.17899999999997,-0.847,67.06,0.0,4.0,1.0,2.0,13.0,0.875
O(C)C=1C(=O)NCC23c4c5OCOc5ccc4C([N+])C(N(C)CC2)C3C=1,219.0,Low,16.0,,Table4,355.3940000000001,0.7568999999999999,82.33,1.0,5.0,1.0,5.0,26.0,0.5263157894736842
O(C)c1c(C[N+])ccc(OC)c1,206.0,Low,22.0,,Table4,165.19199999999998,1.2725,40.760000000000005,0.0,2.0,3.0,1.0,12.0,0.3333333333333333
O(C)c1c(O)c2c(cc1)CC1[N+]CCC32C1CC(OC)C([N+])C3,204.0,Low,14.0,,Table4,315.39300000000003,1.4336999999999995,75.09,1.0,3.0,2.0,4.0,23.0,0.6666666666666666
O=C(OC)COC1C2OCC([N+])C2OC1,175.0,Low,14.0,,Table4,215.20499999999996,-1.2204999999999993,76.29,0.0,5.0,3.0,2.0,15.0,0.8888888888888888
O(C)c1cc2c(C(N)C3[N+]4CC(C=C)C(C3)CC4)ccnc2cc1,167.0,Low,12.0,,Table4,323.44,2.9777000000000013,54.040000000000006,1.0,4.0,4.0,5.0,24.0,0.45
O=C(OCC(OCn1c2N=C(N)NC(=O)c2nc1)CO)C(N)C(C)C,165.0,Low,9.0,,Table4,354.36700000000013,-1.4366999999999985,171.37,4.0,10.0,8.0,2.0,25.0,0.5714285714285714
O=C(OC)C(NC(C(=O)N1C(C(=O)OC)CCC1)CCCC[N+])CCc1ccccc1,155.0,Low,20.0,,Table4,431.53300000000024,1.5220000000000002,107.24000000000001,1.0,6.0,12.0,2.0,31.0,0.6086956521739131
O=C(OCCOCn1c2N=C(N)NC(=O)c2nc1)C(N)C(C)C,141.0,Low,6.0,,Table4,324.34100000000007,-0.7975999999999981,151.14,3.0,9.0,7.0,2.0,23.0,0.5384615384615384
S(=O)(=O)(NCCCCCC[N+])c1c2c(ccc1)cccc2,108.0,Low,16.0,,Table4,304.41499999999996,2.747200000000001,68.47,1.0,2.0,8.0,2.0,21.0,0.375
O=C(NC1C(OC(CC)CC)C=C(C(=O)OCC)CC1[N+])C,83.0,Low,11.0,,Table4,310.394,1.3953999999999989,86.92999999999999,1.0,4.0,7.0,1.0,22.0,0.75
O=C1N2C(=NN1)c1c(nc(c(-c3ccccc3)c1)-c1ccc(C3([N+])CCC3)cc1)C=C2,81.0,Low,5.0,,Table4,405.46100000000024,4.352700000000003,85.35000000000001,1.0,4.0,3.0,6.0,31.0,0.16
[N+]CCC(c1ccccc1)c1ccccc1,61.0,Low,3.0,,Table4,209.292,3.277300000000002,22.3,0.0,0.0,4.0,2.0,16.0,0.2
S(=O)(=O)(OC1C2OCC([N+])C2OC1)CCCCCCCCCCCC,61.0,Low,11.0,,Table4,375.5310000000003,2.8571999999999997,84.13000000000001,0.0,5.0,13.0,2.0,25.0,1.0
O=C(OC1C2(C)C(=O)OC1C=C1C2C(C(=O)NC2CC2)C23C1CCC(O)(C(=C)C2)C3)C(N)C(C)C,47.0,Low,1.0,,Table4,484.5930000000005,1.7552999999999999,127.95000000000002,3.0,7.0,5.0,6.0,35.0,0.7407407407407407
O(C)c1c(O)c2c(cc1)CC1[N+](C)CCC32C1CC(=O)C(=N)C3,46.0,Low,5.0,,Table4,314.385,1.7357699999999998,76.28,2.0,5.0,1.0,4.0,23.0,0.5555555555555556
[N+]CC1CCN(c2nc(-c3cc4c(cc3)cccc4)ccn2)CC1,40.0,Low,3.0,,Table4,316.40800000000013,3.581900000000002,51.32,0.0,3.0,3.0,4.0,24.0,0.3
O=C(NCC[N+])C1(C)C2C(C)(C3C(C=C(C(C)C)CC3)=CC2)CCC1,38.0,Low,12.0,,Table4,342.52700000000027,4.306500000000003,51.400000000000006,1.0,1.0,4.0,3.0,25.0,0.7727272727272727
[N+]C1(C)C2C(C)(C3C(C=C(C(C)C)CC3)=CC2)CCC1,28.0,Low,6.0,,Table4,271.448,4.942700000000005,22.3,0.0,0.0,1.0,3.0,20.0,0.7894736842105263
O=C(OC1C2OCC([N+])C2OC1)CN,23.0,Low,0.4,,Table4,200.19399999999996,-1.9081999999999981,93.08,1.0,5.0,2.0,2.0,14.0,0.875
[N+]C1C2OCC([N+])C2OC1,20.0,Low,0.0,,Table4,140.142,-1.3413999999999997,63.06,0.0,2.0,0.0,2.0,10.0,1.0
S(CC(=O)OC1C2(C)C(C)CCC3(C(C)C(O)C(C=C)(C)C1)C2C(=O)CC3)CC[N+],20.0,Low,5.0,,Table4,435.63000000000034,3.6948000000000025,85.9,1.0,5.0,6.0,3.0,30.0,0.8333333333333334
O=C1C(c2c3c(n4c2CC(C[N+])CC4)cccc3)=C(c2c3c(n(C)c2)cccc3)C(=O)N1,17.0,Low,7.0,,Table4,422.4880000000001,3.3313000000000015,78.33,1.0,4.0,3.0,6.0,32.0,0.23076923076923078
O=C(OC)C1(C)C2C(C)(C3C(O)(C2C[N+])C2C(C(C)C)(OC(=O)O2)CC3)CCC1,16.0,Low,6.0,,Table4,407.50700000000035,2.741900000000001,104.36,1.0,6.0,3.0,4.0,29.0,0.9090909090909091
O(C)c1c2OC(C[N+])C34C(CCO)C([N+](C)CC3)Cc(c24)cc1,5.0,Low,0.0,,Table4,316.40100000000007,0.8595999999999997,66.89000000000001,1.0,4.0,4.0,4.0,23.0,0.6666666666666666
OC1C2OCC([N+])C2OC1,0.0,Low,0.0,,Table4,143.142,-1.4178,60.99000000000001,1.0,3.0,0.0,2.0,10.0,1.0
O=C(OC)C1(C)C2C(C)(C3C(C([N+])C(O)(C(C)C)CC3)=CC2)CCC1,0.0,Low,0.0,,Table4,347.49900000000025,3.5366000000000017,68.83,1.0,3.0,2.0,3.0,25.0,0.8571428571428571
[N+]C(c1ccccc1)(c1ccccc1)c1ccccc1,0.0,Low,0.0,,Table4,257.336,4.047200000000003,22.3,0.0,0.0,3.0,3.0,20.0,0.05263157894736842
