smiles,name,table,page,row,Accum,Accum_SE,Accum_class,Molecular_weight,clogD7.4,RB,glob,PBF,pmi1_MW
S(=O)(=O)(O[C@H]1[C@H]2OC[C@H]([NH3+])[C@H]2OC1)c1ccc(-c2ccccc2)cc1,3-1,3.0,1.0,1.0,1965.0,108.0,High,362.428,0.6,4.0,0.06,0.9,2.69
S(=O)(=O)(O[C@H]1[C@H]2OC[C@H](NC(=O)C)[C@H]2OC1)c1ccc(-c2ccccc2)cc1,3-2,3.0,1.0,2.0,71.0,11.0,Low,403.457,2.32,5.0,0.06,0.9,4.31
Brc1ccc(S(=O)(=O)O[C@H]2[C@H]3OC[C@H]([NH3+])[C@H]3OC2)cc1,3-3,3.0,2.0,1.0,1647.0,108.0,High,365.23,-0.28,3.0,0.12,0.89,2.4
Brc1ccc(S(=O)(=O)O[C@H]2[C@H]3OC[C@H]([NH2+]C)[C@H]3OC2)cc1,3-4,3.0,2.0,2.0,176.0,7.0,Low,379.257,0.11,4.0,0.11,0.91,2.73
Brc1ccc(S(=O)(=O)O[C@H]2[C@H]3OC[C@H](N(C)C)[C@H]3OC2)cc1,3-5,3.0,2.0,3.0,7.0,1.0,Low,392.276,1.47,4.0,0.11,0.92,3.53
Brc1ccc(S(=O)(=O)O[C@H]2[C@H]3OC[C@H]([N+](C)(C)C)[C@H]3OC2)cc1,3-6,3.0,2.0,4.0,30.0,1.0,Low,407.311,-2.04,4.0,0.12,0.98,3.15
Brc1ccc(S(=O)(=O)O[C@H]2[C@H]3OC[C@H](NC(=O)C)[C@H]3OC2)cc1,3-7,3.0,2.0,5.0,8.0,1.0,Low,406.26,1.12,4.0,0.1,0.89,3.63
O[C@@]12C(=C)C[C@]3([C@@H](C[NH3+])c4c(C)cccc4[C@H]3CC1)C2,3-8,3.0,3.0,1.0,1335.0,8.0,High,270.398,-0.09,1.0,0.19,0.91,3.02
O[C@@]12C(=C)C[C@]3([C@@H](C[NH2+]C)c4c(C)cccc4[C@H]3CC1)C2,3-9,3.0,3.0,2.0,210.0,29.0,Low,284.425,-0.08,2.0,0.19,0.92,3.85
O[C@@]12C(=C)C[C@]3([C@@H]([CH+][NH+](C)C)c4c(C)cccc4[C@H]3CC1)C2,3-10,3.0,3.0,3.0,100.0,27.0,Low,297.444,0.95,2.0,0.21,0.98,4.14
CC1=C([C@H](C[N+](C)(C)C)[C@]2(CC3=C)[C@]4([H])CC[C@]3(O)C2)C4=CC=C1,3-11,3.0,3.0,4.0,30.0,1.0,Low,312.4765,-1.13,2.0,0.21,0.94,4.99
CC1=C([C@H](CNC(C)=O)[C@]2(CC3=C)[C@]4([H])CC[C@]3(O)C2)C4=CC=C1,3-12,3.0,3.0,5.0,91.0,4.0,Low,311.1885,2.04,2.0,0.2,0.95,5.03
O[C@@]12C(=C)C[C@]3([C@@H](CC#N)c4c(C)cccc4[C@H]3CC1)C2,3-13,3.0,3.0,6.0,65.0,13.0,Low,279.385,2.87,1.0,0.19,0.91,3.48
[NH3+]C[C@H]1c2c(C)cccc2[C@@H]2[C@@]31C[C@@H]([NH3+])[C@](C)(C3)CC2,3-14,3.0,4.0,1.0,946.0,138.0,High,272.437,-2.49,1.0,0.21,1.07,2.82
OC[C@H]1c2c(C)cccc2[C@@H]2[C@@]31C[C@@H](O)[C@](C)(C3)CC2,3-15,3.0,4.0,2.0,113.0,20.0,Low,272.391,2.61,1.0,0.17,0.89,3.05
O[C@@]12C(=C)C[C@]3([C@@H]([NH3+])c4c(C)cccc4[C@H]3CC1)C2,3-16,3.0,5.0,1.0,756.0,94.0,High,256.371,0.46,0.0,0.18,0.87,2.46
O[C@@]12C(=C)C[C@]3([C@@H]([NH2+]C)c4c(C)cccc4[C@H]3CC1)C2,3-17,3.0,5.0,2.0,239.0,3.0,Low,270.398,0.37,1.0,0.18,0.85,3.03
O=C([O-])[C@H]1c2c(C)cccc2[C@@H]2[C@]31CC(=C)[C@@](O)(C3)CC2,3-18,3.0,5.0,3.0,56.0,8.0,Low,283.35,-0.23,1.0,0.18,0.89,3.36
O=C(OC)[C@H]1c2c(C)cccc2[C@@H]2[C@]31CC(=C)[C@@](O)(C3)CC2,3-19,3.0,5.0,4.0,49.0,1.0,Low,298.385,2.77,2.0,0.19,0.91,4.1
O=C1[C@@]2([C@@H](C=C[C@@]3([C@@H]2[C@@H]([C@@]45[C@H]3CC[C@@](C(C4)=C)(C5)O)C[NH3+])O1)[NH3+])C,3-20,3.0,6.0,1.0,504.0,39.0,High,332.4429,-4.37,1.0,0.21,1.07,3.47
O=C1[C@]2(C)[C@H](N=[N+]=[N-])C=C[C@]3(O1)[C@@H]2[C@H](CN=[N+]=[N-])[C@@]12[C@H]3CC[C@@](O)(C(=C)C1)C2,3-21,3.0,6.0,2.0,16.0,1.0,Low,382.426,0.78,3.0,0.19,1.04,4.56
O(C)c1cc2c([C@@H]3SC(=O)N4[C@H]3C[C@@H]([C@@H](C=C)C[NH3+])CC4)ccnc2cc1,3-22,3.0,7.0,1.0,458.0,58.0,High,384.524,0.14,5.0,0.33,1.31,6.44
O(C)c1cc2c([C@@H]3SC(=O)N4[C@H]3C[C@@H]([C@@H](C=C)C[NH2+]C)CC4)ccnc2cc1,3-23,3.0,7.0,2.0,390.0,24.0,High,398.551,0.24,6.0,0.35,1.32,6.77
O(C)c1cc2c([C@@H]3SC(=O)N4[C@H]3C[C@@H]([C@@H](C=C)C[NH+](C)C)CC4)ccnc2cc1,3-24,3.0,7.0,3.0,48.0,3.0,Low,412.578,1.04,6.0,0.4,1.34,6.84
O(C)c1cc2c([C@@H]3SC(=O)N4[C@H]3C[C@@H]([C@@H](C=C)C[N+](C)(C)C)CC4)ccnc2cc1,3-25,3.0,7.0,4.0,44.0,7.0,Low,426.606,-0.63,6.0,0.43,1.38,7.09
O=C(NC[C@H](C=C)[C@@H]1C[C@H]2[C@H](c3c4c(ncc3)ccc(OC)c4)SC(=O)N2CC1)C,3-26,3.0,7.0,5.0,91.0,9.0,Low,425.554,2.54,6.0,0.28,1.32,6.83
O=C1[C@]2(C)[C@@H](O)C=C[C@]3(O1)[C@@H]2[C@H](C[NH3+])[C@@]12[C@H]3CC[C@@](O)(C(=C)C1)C2,3-27,3.0,8.0,1.0,309.0,38.0,High,332.423,-2.64,1.0,0.22,1.08,3.39
O=C([O-])[C@H]1[C@@H]2[C@@]3(C)[C@@H](O)C=C[C@@]2(OC3=O)[C@H]2[C@]31CC(=C)[C@@](O)(C3)CC2,3-28,3.0,8.0,2.0,15.0,10.0,Low,345.376,-2.71,1.0,0.22,1.1,3.7
O=C1[C@]2(C)[C@@H](O)C=C[C@]3(O1)[C@@H]2[C@H](CO)[C@@]12[C@H]3CC[C@@](O)(C(=C)C1)C2,3-29,3.0,8.0,3.0,21.0,1.0,Low,332.4,0.06,1.0,0.22,1.09,3.35
O=C1[C@]2(C)[C@@H](O)C=C[C@]3(O1)[C@@H]2[C@H](CN=[N+]=[N-])[C@@]12[C@H]3CC[C@@](O)(C(=C)C1)C2,3-30,3.0,8.0,4.0,61.0,20.0,Low,357.413,0.22,2.0,0.22,1.09,4.6
O=C(OC)[C@H]1[C@@H]2[C@@]3(C)[C@@H](O)C=C[C@@]2(OC3=O)[C@H]2[C@]31CC(=C)[C@@](O)(C3)CC2,3-31,3.0,8.0,5.0,38.0,5.0,Low,360.411,0.5,2.0,0.24,1.11,4.59
O(C)c1c(O)c2c(cc1)C=C[C@]1(CC[NH2+]C)C2=CC(=O)C(OC)=C1,3-32,3.0,9.0,1.0,525.0,22.0,High,328.391,-1.03,5.0,0.2,1.19,3.62
S(=O)(=O)(O[C@H]1[C@H]2OC[C@H]([NH3+])[C@H]2OC1)c1ccc(C)cc1,3-34,3.0,10.0,1.0,877.0,29.0,High,300.356,-0.53,3.0,0.1,0.88,2.62
S(=O)(=O)(O[C@H]1[C@H]2OC[C@H](N=[N+]=[N-])[C@H]2OC1)c1ccc(C)cc1,3-35,3.0,10.0,2.0,25.0,0.0,Low,325.346,1.46,4.0,0.1,0.89,3.26
S(=O)(=O)(O[C@H]1[C@H]2OC[C@H](NC(=O)C)[C@H]2OC1)c1ccc(C)cc1,3-36,3.0,10.0,3.0,111.0,35.0,Low,341.386,0.87,4.0,0.1,0.87,3.65
S(=O)(=O)(O[C@H]1[C@H]2OC[C@@H](O)[C@H]2OC1)c1ccc(C)cc1,3-37,3.0,10.0,4.0,152.0,29.0,Low,300.333,1.16,3.0,0.11,0.9,2.91
S(=O)(=O)(O[C@H]1[C@H]2OC[C@H]([NH3+])[C@H]2OC1)c1ccccc1,3-38,3.0,11.0,1.0,616.0,30.0,High,286.329,-1.05,3.0,0.12,0.89,2.41
S(=O)(=O)(O[C@H]1[C@H]2OC[C@H]([NH2+]C)[C@H]2OC1)c1ccccc1,3-39,3.0,11.0,2.0,339.0,31.0,High,300.356,-0.66,4.0,0.12,0.9,2.7
S(=O)(=O)(O[C@H]1[C@H]2OC[C@H](N(C)C)[C@H]2OC1)c1ccccc1,3-40,3.0,11.0,3.0,116.0,7.0,Low,313.375,0.7,4.0,0.11,0.92,2.93
S(=O)(=O)(O[C@H]1[C@H]2OC[C@H](NC(=O)C)[C@H]2OC1)c1ccccc1,3-41,3.0,11.0,4.0,93.0,8.0,Low,327.359,0.36,4.0,0.11,0.91,3.05
O(Cc1ccccc1)[C@H]1[C@H]2OC[C@H]([NH3+])[C@H]2OC1,3-42,3.0,12.0,1.0,552.0,12.0,High,236.293,-0.73,3.0,0.19,0.95,2.25
O(Cc1ccccc1)[C@H]1[C@H]2OC[C@H](N=[N+]=[N-])[C@H]2OC1,3-43,3.0,12.0,2.0,20.0,0.0,Low,261.283,1.21,4.0,0.13,0.89,2.29
O=C(N[C@@H]1[C@H]2OC[C@@H](OCc3ccccc3)[C@H]2OC1)C,3-44,3.0,12.0,3.0,103.0,3.0,Low,277.323,0.67,4.0,0.11,0.89,2.49
O=C1[C@]2(CO)C[C@]3([C@@H]([NH3+])c4c(C)cccc4[C@H]3CC2)C1,3-45,3.0,13.0,1.0,542.0,26.0,High,272.37,0.16,1.0,0.19,0.94,2.7
O=C1[C@]2(CO)C[C@]3([C@@H]([NH2+]C)c4c(C)cccc4[C@H]3CC2)C1,3-46,3.0,13.0,2.0,179.0,8.0,Low,286.397,-0.02,2.0,0.19,0.93,3.24
O=C([O-])[C@H]1c2c(C)cccc2[C@@H]2[C@@]31CC(=O)[C@](CO)(C3)CC2,3-47,3.0,13.0,3.0,84.0,13.0,Low,299.35,-0.79,2.0,0.21,0.99,3.55
O=C(OC)[C@H]1c2c(C)cccc2[C@@H]2[C@@]31CC(=O)[C@](CO)(C3)CC2,3-48,3.0,13.0,4.0,86.0,16.0,Low,314.385,2.34,3.0,0.22,0.97,4.28
O=C(N[C@H]1c2c(C)cccc2[C@@H]2[C@@]31CC(=O)[C@](CO)(C3)CC2)C,3-49,3.0,13.0,5.0,69.0,5.0,Low,313.4,1.61,2.0,0.21,0.95,4.54
O=C1[C@]2(C)C[C@]3([C@@H]([NH3+])c4c(C)cccc4[C@H]3CC2)C1,3-50,3.0,14.0,1.0,515.0,50.0,High,256.371,1.44,0.0,0.19,0.92,2.53
O=C([O-])[C@H]1c2c(C)cccc2[C@@H]2[C@@]31CC(=O)[C@](C)(C3)CC2,3-51,3.0,14.0,2.0,138.0,7.0,Low,283.35,0.57,1.0,0.2,0.97,3.44
O=C(OC)[C@H]1c2c(C)cccc2[C@@H]2[C@@]31CC(=O)[C@](C)(C3)CC2,3-52,3.0,14.0,3.0,28.0,12.0,Low,298.385,3.62,2.0,0.22,0.98,4.17
O=C(N[C@H]1c2c(C)cccc2[C@@H]2[C@@]31CC(=O)[C@](C)(C3)CC2)C,3-53,3.0,14.0,4.0,49.0,12.0,Low,297.401,2.89,1.0,0.22,0.97,4.51
O=C([O-])[C@]12C(=O)C[C@@]3([C@@H]([NH3+])c4c(C)cccc4[C@H]3CC1)C2,3-54,3.0,14.0,5.0,238.0,12.0,Low,285.343,-0.46,1.0,0.14,0.78,2.51
,,,,,,,,,,,,,
,,,,,,,,,,,,,
